file_id,age
image_0.jpg,62.58568572998047
image_1.jpg,46.455020904541016
image_10.jpg,35.002288818359375
image_100.jpg,59.489383697509766
image_1000.jpg,20.01493263244629
image_1001.jpg,23.91280746459961
image_1002.jpg,79.25660705566406
image_1003.jpg,44.55632400512695
image_1004.jpg,53.887577056884766
image_1005.jpg,71.1334457397461
image_1006.jpg,45.980838775634766
image_1007.jpg,65.39461517333984
image_1008.jpg,69.69050598144531
image_1009.jpg,45.598758697509766
image_101.jpg,59.15226364135742
image_1010.jpg,45.79372024536133
image_1011.jpg,8.292685508728027
image_1012.jpg,81.68096923828125
image_1013.jpg,76.2363052368164
image_1014.jpg,56.28600311279297
image_1015.jpg,27.616811752319336
image_1016.jpg,55.73820495605469
image_1017.jpg,49.85630798339844
image_1018.jpg,29.465770721435547
image_1019.jpg,39.03001022338867
image_102.jpg,34.995304107666016
image_1020.jpg,30.721466064453125
image_1021.jpg,9.882484436035156
image_1022.jpg,2.528549909591675
image_1023.jpg,25.38804817199707
image_1024.jpg,37.46162414550781
image_1025.jpg,61.46795654296875
image_1026.jpg,11.782913208007812
image_1027.jpg,4.011151313781738
image_1028.jpg,25.34258460998535
image_1029.jpg,31.5786190032959
image_103.jpg,22.811655044555664
image_1030.jpg,63.80411911010742
image_1031.jpg,2.3626465797424316
image_1032.jpg,53.90345001220703
image_1033.jpg,29.62408447265625
image_1034.jpg,26.04555892944336
image_1035.jpg,48.85805130004883
image_1036.jpg,56.394500732421875
image_1037.jpg,22.806909561157227
image_1038.jpg,47.91762924194336
image_1039.jpg,23.427507400512695
image_104.jpg,16.510168075561523
image_1040.jpg,13.86662483215332
image_1041.jpg,43.52400588989258
image_1042.jpg,37.92238998413086
image_1043.jpg,60.27385330200195
image_1044.jpg,46.66779708862305
image_1045.jpg,46.773475646972656
image_1046.jpg,34.32466125488281
image_1047.jpg,45.69002914428711
image_1048.jpg,65.3409194946289
image_1049.jpg,2.7351508140563965
image_105.jpg,25.76542854309082
image_1050.jpg,51.86262512207031
image_1051.jpg,68.53304290771484
image_1052.jpg,26.6989803314209
image_1053.jpg,60.95205307006836
image_1054.jpg,67.19046020507812
image_1055.jpg,75.1612319946289
image_1056.jpg,32.78090286254883
image_1057.jpg,16.573392868041992
image_1058.jpg,29.816179275512695
image_1059.jpg,10.162349700927734
image_106.jpg,57.42609405517578
image_1060.jpg,63.96232604980469
image_1061.jpg,38.555606842041016
image_1062.jpg,45.04336166381836
image_1063.jpg,68.44721221923828
image_1064.jpg,15.082820892333984
image_1065.jpg,61.97541809082031
image_1066.jpg,25.187837600708008
image_1067.jpg,64.4659423828125
image_1068.jpg,58.673126220703125
image_1069.jpg,54.25497817993164
image_107.jpg,44.14817810058594
image_1070.jpg,79.41517639160156
image_1071.jpg,60.67038345336914
image_1072.jpg,16.855623245239258
image_1073.jpg,1.2994568347930908
image_1074.jpg,30.357940673828125
image_1075.jpg,65.51762390136719
image_1076.jpg,56.635494232177734
image_1077.jpg,13.027645111083984
image_1078.jpg,14.318772315979004
image_1079.jpg,70.0040054321289
image_108.jpg,41.7734375
image_1080.jpg,23.31037139892578
image_1081.jpg,29.97465705871582
image_1082.jpg,12.291694641113281
image_1083.jpg,22.67815589904785
image_1084.jpg,52.51810073852539
image_1085.jpg,50.86833190917969
image_1086.jpg,51.855037689208984
image_1087.jpg,68.89287567138672
image_1088.jpg,52.47560501098633
image_1089.jpg,31.825626373291016
image_109.jpg,23.594327926635742
image_1090.jpg,20.472890853881836
image_1091.jpg,27.785659790039062
image_1092.jpg,42.29977798461914
image_1093.jpg,26.74659538269043
image_1094.jpg,52.87104797363281
image_1095.jpg,41.82731628417969
image_1096.jpg,11.649649620056152
image_1097.jpg,21.420570373535156
image_1098.jpg,16.2923583984375
image_1099.jpg,51.531002044677734
image_11.jpg,26.188047409057617
image_110.jpg,6.620453357696533
image_1100.jpg,63.5179328918457
image_1101.jpg,1.3781150579452515
image_1102.jpg,57.40963363647461
image_1103.jpg,30.835397720336914
image_1104.jpg,31.918636322021484
image_1105.jpg,26.244264602661133
image_1106.jpg,27.100683212280273
image_1107.jpg,15.168262481689453
image_1108.jpg,50.63191604614258
image_1109.jpg,35.34995651245117
image_111.jpg,10.157154083251953
image_1110.jpg,33.362247467041016
image_1111.jpg,55.05258560180664
image_1112.jpg,56.14461898803711
image_1113.jpg,49.118003845214844
image_1114.jpg,21.832944869995117
image_1115.jpg,45.601383209228516
image_1116.jpg,61.44121170043945
image_1117.jpg,23.174049377441406
image_1118.jpg,33.15999221801758
image_1119.jpg,20.2730770111084
image_112.jpg,29.636415481567383
image_1120.jpg,51.54209899902344
image_1121.jpg,28.33512306213379
image_1122.jpg,62.50519561767578
image_1123.jpg,78.40306091308594
image_1124.jpg,13.594008445739746
image_1125.jpg,42.87007522583008
image_1126.jpg,53.31026840209961
image_1127.jpg,75.78028869628906
image_1128.jpg,39.57783126831055
image_1129.jpg,65.01717376708984
image_113.jpg,22.822181701660156
image_1130.jpg,51.0346565246582
image_1131.jpg,22.256242752075195
image_1132.jpg,54.10890197753906
image_1133.jpg,3.9007744789123535
image_1134.jpg,44.96510314941406
image_1135.jpg,27.56650733947754
image_1136.jpg,80.35416412353516
image_1137.jpg,24.535329818725586
image_1138.jpg,46.76123046875
image_1139.jpg,25.710102081298828
image_114.jpg,28.564191818237305
image_1140.jpg,22.098886489868164
image_1141.jpg,32.24489974975586
image_1142.jpg,29.387636184692383
image_1143.jpg,63.500694274902344
image_1144.jpg,64.39299011230469
image_1145.jpg,45.183349609375
image_1146.jpg,28.093276977539062
image_1147.jpg,27.530593872070312
image_1148.jpg,55.4218635559082
image_1149.jpg,66.96639251708984
image_115.jpg,23.707143783569336
image_1150.jpg,49.92472457885742
image_1151.jpg,26.01923370361328
image_1152.jpg,57.23802947998047
image_1153.jpg,29.064287185668945
image_1154.jpg,28.32233428955078
image_1155.jpg,4.774919033050537
image_1156.jpg,7.547712326049805
image_1157.jpg,48.760520935058594
image_1158.jpg,23.399057388305664
image_1159.jpg,0.5639718770980835
image_116.jpg,10.330547332763672
image_1160.jpg,35.03778076171875
image_1161.jpg,25.960140228271484
image_1162.jpg,6.8238205909729
image_1163.jpg,89.06974029541016
image_1164.jpg,48.127601623535156
image_1165.jpg,67.72433471679688
image_1166.jpg,51.348052978515625
image_1167.jpg,24.913393020629883
image_1168.jpg,10.925667762756348
image_1169.jpg,8.099099159240723
image_117.jpg,8.850500106811523
image_1170.jpg,4.399593353271484
image_1171.jpg,8.764923095703125
image_1172.jpg,46.75841522216797
image_1173.jpg,62.57440185546875
image_1174.jpg,61.32611083984375
image_1175.jpg,12.631998062133789
image_1176.jpg,91.70162200927734
image_1177.jpg,49.03843688964844
image_1178.jpg,8.735380172729492
image_1179.jpg,51.863059997558594
image_118.jpg,72.44327545166016
image_1180.jpg,30.28826141357422
image_1181.jpg,31.480422973632812
image_1182.jpg,31.3377685546875
image_1183.jpg,66.79144287109375
image_1184.jpg,45.56979751586914
image_1185.jpg,40.049076080322266
image_1186.jpg,35.3465690612793
image_1187.jpg,6.827923774719238
image_1188.jpg,12.910426139831543
image_1189.jpg,13.383537292480469
image_119.jpg,50.84940719604492
image_1190.jpg,63.4525146484375
image_1191.jpg,8.28272819519043
image_1192.jpg,49.890594482421875
image_1193.jpg,64.06369018554688
image_1194.jpg,24.62584114074707
image_1195.jpg,29.871448516845703
image_1196.jpg,8.995989799499512
image_1197.jpg,13.595514297485352
image_1198.jpg,11.102652549743652
image_1199.jpg,60.474056243896484
image_12.jpg,51.70416259765625
image_120.jpg,34.87974166870117
image_1200.jpg,65.14625549316406
image_1201.jpg,40.327877044677734
image_1202.jpg,32.73588180541992
image_1203.jpg,55.49569320678711
image_1204.jpg,36.3232536315918
image_1205.jpg,3.4554123878479004
image_1206.jpg,53.56919860839844
image_1207.jpg,52.7362060546875
image_1208.jpg,49.832340240478516
image_1209.jpg,30.221532821655273
image_121.jpg,29.697664260864258
image_1210.jpg,23.020530700683594
image_1211.jpg,71.55241394042969
image_1212.jpg,64.34180450439453
image_1213.jpg,70.1669692993164
image_1214.jpg,37.79633712768555
image_1215.jpg,49.82356643676758
image_1216.jpg,12.937177658081055
image_1217.jpg,1.2834032773971558
image_1218.jpg,56.18256759643555
image_1219.jpg,53.86766052246094
image_122.jpg,30.546123504638672
image_1220.jpg,23.748291015625
image_1221.jpg,52.88487243652344
image_1222.jpg,63.71365737915039
image_1223.jpg,78.79299926757812
image_1224.jpg,0.9446099400520325
image_1225.jpg,75.05887603759766
image_1226.jpg,29.398611068725586
image_1227.jpg,38.87909698486328
image_1228.jpg,71.0999526977539
image_1229.jpg,22.347665786743164
image_123.jpg,11.06088924407959
image_1230.jpg,12.998577117919922
image_1231.jpg,59.55325698852539
image_1232.jpg,33.69950866699219
image_1233.jpg,21.877452850341797
image_1234.jpg,25.77407455444336
image_1235.jpg,55.2076301574707
image_1236.jpg,48.62678146362305
image_1237.jpg,13.358470916748047
image_1238.jpg,4.959038257598877
image_1239.jpg,21.405872344970703
image_124.jpg,27.17529296875
image_1240.jpg,26.04305076599121
image_1241.jpg,27.685789108276367
image_1242.jpg,64.34325408935547
image_1243.jpg,51.97416687011719
image_1244.jpg,28.360937118530273
image_1245.jpg,13.731819152832031
image_1246.jpg,27.361783981323242
image_1247.jpg,39.32734680175781
image_1248.jpg,45.82588195800781
image_1249.jpg,47.91080856323242
image_125.jpg,61.144344329833984
image_1250.jpg,6.1139817237854
image_1251.jpg,55.55765151977539
image_1252.jpg,41.5745964050293
image_1253.jpg,61.56858444213867
image_1254.jpg,35.23649215698242
image_1255.jpg,4.754501819610596
image_1256.jpg,52.4610710144043
image_1257.jpg,64.9559097290039
image_1258.jpg,44.1490592956543
image_1259.jpg,59.59676742553711
image_126.jpg,10.11642074584961
image_1260.jpg,49.99418640136719
image_1261.jpg,59.48067855834961
image_1262.jpg,2.9686574935913086
image_1263.jpg,30.97137451171875
image_1264.jpg,22.25409698486328
image_1265.jpg,52.06475067138672
image_1266.jpg,9.32902717590332
image_1267.jpg,56.73026657104492
image_1268.jpg,49.032325744628906
image_1269.jpg,34.72554397583008
image_127.jpg,24.625551223754883
image_1270.jpg,30.367582321166992
image_1271.jpg,58.116695404052734
image_1272.jpg,61.335601806640625
image_1273.jpg,52.366641998291016
image_1274.jpg,37.94995880126953
image_1275.jpg,33.6335334777832
image_1276.jpg,41.7454719543457
image_1277.jpg,50.57887649536133
image_1278.jpg,34.086368560791016
image_1279.jpg,28.048343658447266
image_128.jpg,16.069467544555664
image_1280.jpg,51.22456741333008
image_1281.jpg,82.93915557861328
image_1282.jpg,52.966453552246094
image_1283.jpg,52.265628814697266
image_1284.jpg,24.593395233154297
image_1285.jpg,74.60397338867188
image_1286.jpg,16.105323791503906
image_1287.jpg,11.823187828063965
image_1288.jpg,56.40720748901367
image_1289.jpg,64.41506958007812
image_129.jpg,32.45616912841797
image_1290.jpg,39.099796295166016
image_1291.jpg,57.944488525390625
image_1292.jpg,32.801944732666016
image_1293.jpg,21.619508743286133
image_1294.jpg,50.913963317871094
image_1295.jpg,55.57469177246094
image_1296.jpg,58.87260055541992
image_1297.jpg,25.378124237060547
image_1298.jpg,32.67210006713867
image_1299.jpg,50.48366928100586
image_13.jpg,59.953189849853516
image_130.jpg,8.581603050231934
image_1300.jpg,65.52411651611328
image_1301.jpg,23.013891220092773
image_1302.jpg,19.16935920715332
image_1303.jpg,35.70882797241211
image_1304.jpg,52.288429260253906
image_1305.jpg,58.000450134277344
image_1306.jpg,36.34634017944336
image_1307.jpg,1.6371346712112427
image_1308.jpg,48.44221878051758
image_1309.jpg,51.03931427001953
image_131.jpg,51.76496124267578
image_1310.jpg,59.0830078125
image_1311.jpg,47.937904357910156
image_1312.jpg,34.47783279418945
image_1313.jpg,67.91403198242188
image_1314.jpg,27.447988510131836
image_1315.jpg,37.62661361694336
image_1316.jpg,33.7417106628418
image_1317.jpg,29.833847045898438
image_1318.jpg,9.651446342468262
image_1319.jpg,42.89777755737305
image_132.jpg,55.273624420166016
image_1320.jpg,50.46178436279297
image_1321.jpg,63.12232971191406
image_1322.jpg,32.288673400878906
image_1323.jpg,12.971963882446289
image_1324.jpg,37.16271209716797
image_1325.jpg,8.291728019714355
image_1326.jpg,15.861624717712402
image_1327.jpg,57.9033317565918
image_1328.jpg,10.69521427154541
image_1329.jpg,26.438318252563477
image_133.jpg,53.99034881591797
image_1330.jpg,67.45570373535156
image_1331.jpg,28.407487869262695
image_1332.jpg,41.4407844543457
image_1333.jpg,62.34928894042969
image_1334.jpg,33.042694091796875
image_1335.jpg,53.85757827758789
image_1336.jpg,37.09973907470703
image_1337.jpg,47.455162048339844
image_1338.jpg,27.827457427978516
image_1339.jpg,3.0091540813446045
image_134.jpg,27.301645278930664
image_1340.jpg,26.218843460083008
image_1341.jpg,59.2668571472168
image_1342.jpg,25.237037658691406
image_1343.jpg,46.51835250854492
image_1344.jpg,2.498049259185791
image_1345.jpg,50.63487243652344
image_1346.jpg,45.10598373413086
image_1347.jpg,18.279722213745117
image_1348.jpg,51.19050598144531
image_1349.jpg,49.3282356262207
image_135.jpg,8.96061897277832
image_1350.jpg,72.18359375
image_1351.jpg,45.315067291259766
image_1352.jpg,60.943572998046875
image_1353.jpg,35.624305725097656
image_1354.jpg,38.07964324951172
image_1355.jpg,42.87991714477539
image_1356.jpg,2.5210933685302734
image_1357.jpg,28.149625778198242
image_1358.jpg,51.4000129699707
image_1359.jpg,0.6613480448722839
image_136.jpg,24.660490036010742
image_1360.jpg,20.04226303100586
image_1361.jpg,9.80286693572998
image_1362.jpg,45.720252990722656
image_1363.jpg,14.43099308013916
image_1364.jpg,55.623291015625
image_1365.jpg,54.69404983520508
image_1366.jpg,40.33954620361328
image_1367.jpg,40.21449279785156
image_1368.jpg,75.60157012939453
image_1369.jpg,30.165353775024414
image_137.jpg,28.987470626831055
image_1370.jpg,23.430938720703125
image_1371.jpg,46.64619445800781
image_1372.jpg,31.612272262573242
image_1373.jpg,54.59511947631836
image_1374.jpg,22.863191604614258
image_1375.jpg,51.659358978271484
image_1376.jpg,6.428336143493652
image_1377.jpg,8.194725036621094
image_1378.jpg,55.95209884643555
image_1379.jpg,2.968363046646118
image_138.jpg,38.63009262084961
image_1380.jpg,69.52848815917969
image_1381.jpg,3.7011208534240723
image_1382.jpg,66.51905822753906
image_1383.jpg,73.16111755371094
image_1384.jpg,66.55315399169922
image_1385.jpg,62.9927864074707
image_1386.jpg,83.06417846679688
image_1387.jpg,6.720869064331055
image_1388.jpg,42.50972366333008
image_1389.jpg,44.122432708740234
image_139.jpg,22.827281951904297
image_1390.jpg,19.324739456176758
image_1391.jpg,21.97892951965332
image_1392.jpg,36.8890495300293
image_1393.jpg,11.376355171203613
image_1394.jpg,3.329000949859619
image_1395.jpg,9.227951049804688
image_1396.jpg,50.37664031982422
image_1397.jpg,29.439006805419922
image_1398.jpg,60.11575698852539
image_1399.jpg,10.50921630859375
image_14.jpg,48.4008674621582
image_140.jpg,4.9615678787231445
image_1400.jpg,64.38676452636719
image_1401.jpg,52.363731384277344
image_1402.jpg,68.53913116455078
image_1403.jpg,30.91107940673828
image_1404.jpg,29.396202087402344
image_1405.jpg,26.162492752075195
image_1406.jpg,62.78457260131836
image_1407.jpg,28.608036041259766
image_1408.jpg,49.91162109375
image_1409.jpg,3.7981793880462646
image_141.jpg,66.41642761230469
image_1410.jpg,10.645813941955566
image_1411.jpg,2.3785016536712646
image_1412.jpg,52.727882385253906
image_1413.jpg,17.682348251342773
image_1414.jpg,38.84938049316406
image_1415.jpg,15.096253395080566
image_1416.jpg,44.501216888427734
image_1417.jpg,44.16324234008789
image_1418.jpg,38.357112884521484
image_1419.jpg,15.677961349487305
image_142.jpg,1.5916268825531006
image_1420.jpg,32.42514419555664
image_1421.jpg,44.778316497802734
image_1422.jpg,74.91393280029297
image_1423.jpg,37.857479095458984
image_1424.jpg,33.39794158935547
image_1425.jpg,5.61423921585083
image_1426.jpg,13.220338821411133
image_1427.jpg,51.008541107177734
image_1428.jpg,8.297141075134277
image_1429.jpg,12.310669898986816
image_143.jpg,20.722896575927734
image_1430.jpg,22.53554344177246
image_1431.jpg,10.548986434936523
image_1432.jpg,9.869354248046875
image_1433.jpg,34.987152099609375
image_1434.jpg,12.9471435546875
image_1435.jpg,40.33273696899414
image_1436.jpg,32.3367805480957
image_1437.jpg,61.28377151489258
image_1438.jpg,37.88715362548828
image_1439.jpg,41.998836517333984
image_144.jpg,12.346589088439941
image_1440.jpg,46.1638298034668
image_1441.jpg,48.66684341430664
image_1442.jpg,7.980869770050049
image_1443.jpg,47.11247634887695
image_1444.jpg,-0.09720795601606369
image_1445.jpg,31.092130661010742
image_1446.jpg,65.25236511230469
image_1447.jpg,4.4503703117370605
image_1448.jpg,46.459590911865234
image_1449.jpg,32.52334976196289
image_145.jpg,10.358426094055176
image_1450.jpg,1.1426637172698975
image_1451.jpg,26.13958740234375
image_1452.jpg,33.3961181640625
image_1453.jpg,45.73727798461914
image_1454.jpg,23.787242889404297
image_1455.jpg,62.51976013183594
image_1456.jpg,44.878604888916016
image_1457.jpg,70.6376724243164
image_1458.jpg,25.665544509887695
image_1459.jpg,53.3055419921875
image_146.jpg,50.31906509399414
image_1460.jpg,41.00574493408203
image_1461.jpg,71.6856460571289
image_1462.jpg,35.7776985168457
image_1463.jpg,3.708995819091797
image_1464.jpg,30.998308181762695
image_1465.jpg,68.97700500488281
image_1466.jpg,11.81058406829834
image_1467.jpg,38.046875
image_1468.jpg,29.666645050048828
image_1469.jpg,24.952177047729492
image_147.jpg,25.47745132446289
image_1470.jpg,36.764408111572266
image_1471.jpg,39.24686813354492
image_1472.jpg,62.2606201171875
image_1473.jpg,26.8453369140625
image_1474.jpg,27.658863067626953
image_1475.jpg,67.6906509399414
image_1476.jpg,75.54159545898438
image_1477.jpg,71.25390625
image_1478.jpg,55.313072204589844
image_1479.jpg,38.55532455444336
image_148.jpg,37.146575927734375
image_1480.jpg,30.87234878540039
image_1481.jpg,11.334310531616211
image_1482.jpg,13.340349197387695
image_1483.jpg,46.971927642822266
image_1484.jpg,23.589706420898438
image_1485.jpg,78.15763092041016
image_1486.jpg,44.86680221557617
image_1487.jpg,29.883201599121094
image_1488.jpg,68.29264068603516
image_1489.jpg,16.01382827758789
image_149.jpg,57.29691696166992
image_1490.jpg,19.365320205688477
image_1491.jpg,22.996864318847656
image_1492.jpg,34.695735931396484
image_1493.jpg,22.02618980407715
image_1494.jpg,48.58540344238281
image_1495.jpg,77.74019622802734
image_1496.jpg,16.823720932006836
image_1497.jpg,51.958988189697266
image_1498.jpg,37.416717529296875
image_1499.jpg,28.406661987304688
image_15.jpg,38.29933547973633
image_150.jpg,7.280838489532471
image_1500.jpg,39.10623550415039
image_1501.jpg,44.16481399536133
image_1502.jpg,32.79336166381836
image_1503.jpg,9.005133628845215
image_1504.jpg,58.43814468383789
image_1505.jpg,65.00365447998047
image_1506.jpg,70.22221374511719
image_1507.jpg,52.07279586791992
image_1508.jpg,49.55746078491211
image_1509.jpg,62.45313262939453
image_151.jpg,65.2352066040039
image_1510.jpg,41.391395568847656
image_1511.jpg,67.94507598876953
image_1512.jpg,40.28114318847656
image_1513.jpg,38.19482421875
image_1514.jpg,38.203765869140625
image_1515.jpg,38.04700469970703
image_1516.jpg,28.658796310424805
image_1517.jpg,32.02207565307617
image_1518.jpg,40.76100158691406
image_1519.jpg,20.074350357055664
image_152.jpg,1.9128791093826294
image_1520.jpg,21.9633846282959
image_1521.jpg,26.623342514038086
image_1522.jpg,60.525367736816406
image_1523.jpg,33.598533630371094
image_1524.jpg,81.97824096679688
image_1525.jpg,37.95512390136719
image_1526.jpg,9.40446662902832
image_1527.jpg,39.62872314453125
image_1528.jpg,54.92305374145508
image_1529.jpg,29.67483901977539
image_153.jpg,25.04466438293457
image_1530.jpg,32.849021911621094
image_1531.jpg,45.35840606689453
image_1532.jpg,57.123409271240234
image_1533.jpg,37.5067138671875
image_1534.jpg,55.546348571777344
image_1535.jpg,24.553110122680664
image_1536.jpg,22.89493751525879
image_1537.jpg,65.00016784667969
image_1538.jpg,32.643333435058594
image_1539.jpg,56.5640983581543
image_154.jpg,79.88782501220703
image_1540.jpg,3.3979032039642334
image_1541.jpg,25.21988296508789
image_1542.jpg,79.12727355957031
image_1543.jpg,68.9561996459961
image_1544.jpg,25.877437591552734
image_1545.jpg,56.14645767211914
image_1546.jpg,31.702285766601562
image_1547.jpg,19.38275718688965
image_1548.jpg,31.31620216369629
image_1549.jpg,59.366180419921875
image_155.jpg,10.215229034423828
image_1550.jpg,15.068411827087402
image_1551.jpg,2.0381650924682617
image_1552.jpg,57.91323471069336
image_1553.jpg,36.914669036865234
image_1554.jpg,43.60277557373047
image_1555.jpg,40.47146987915039
image_1556.jpg,17.709348678588867
image_1557.jpg,33.160186767578125
image_1558.jpg,44.68498992919922
image_1559.jpg,24.234914779663086
image_156.jpg,58.40952682495117
image_1560.jpg,61.62360763549805
image_1561.jpg,37.98514938354492
image_1562.jpg,61.118988037109375
image_1563.jpg,75.3471908569336
image_1564.jpg,35.913021087646484
image_1565.jpg,4.004512310028076
image_1566.jpg,53.203285217285156
image_1567.jpg,55.17392349243164
image_1568.jpg,15.686887741088867
image_1569.jpg,25.186487197875977
image_157.jpg,41.04264450073242
image_1570.jpg,5.071428298950195
image_1571.jpg,23.913644790649414
image_1572.jpg,47.14906311035156
image_1573.jpg,1.1026026010513306
image_1574.jpg,28.881954193115234
image_1575.jpg,65.26422882080078
image_1576.jpg,26.88092613220215
image_1577.jpg,8.807893753051758
image_1578.jpg,50.18330001831055
image_1579.jpg,10.247695922851562
image_158.jpg,24.510555267333984
image_1580.jpg,2.546945095062256
image_1581.jpg,48.868080139160156
image_1582.jpg,67.83412170410156
image_1583.jpg,29.203920364379883
image_1584.jpg,3.6712794303894043
image_1585.jpg,52.218360900878906
image_1586.jpg,73.4010009765625
image_1587.jpg,71.23712158203125
image_1588.jpg,25.733572006225586
image_1589.jpg,37.78700256347656
image_159.jpg,5.918802738189697
image_1590.jpg,44.5346565246582
image_1591.jpg,8.973498344421387
image_1592.jpg,13.624011993408203
image_1593.jpg,29.218265533447266
image_1594.jpg,30.181541442871094
image_1595.jpg,52.287513732910156
image_1596.jpg,24.570556640625
image_1597.jpg,1.4316773414611816
image_1598.jpg,56.725704193115234
image_1599.jpg,63.925662994384766
image_16.jpg,59.889278411865234
image_160.jpg,8.429461479187012
image_1600.jpg,4.912317752838135
image_1601.jpg,16.392847061157227
image_1602.jpg,86.29873657226562
image_1603.jpg,73.24564361572266
image_1604.jpg,64.09614562988281
image_1605.jpg,56.046566009521484
image_1606.jpg,59.905521392822266
image_1607.jpg,1.8106647729873657
image_1608.jpg,25.071203231811523
image_1609.jpg,59.84910202026367
image_161.jpg,28.48365020751953
image_1610.jpg,72.97509002685547
image_1611.jpg,51.99213409423828
image_1612.jpg,81.06877899169922
image_1613.jpg,12.818313598632812
image_1614.jpg,53.695796966552734
image_1615.jpg,39.2817268371582
image_1616.jpg,11.96208381652832
image_1617.jpg,66.84648895263672
image_1618.jpg,33.195274353027344
image_1619.jpg,35.81235885620117
image_162.jpg,10.722687721252441
image_1620.jpg,61.566978454589844
image_1621.jpg,33.27921676635742
image_1622.jpg,74.95451354980469
image_1623.jpg,35.88441848754883
image_1624.jpg,53.03313064575195
image_1625.jpg,24.89436149597168
image_1626.jpg,46.25666046142578
image_1627.jpg,65.05484771728516
image_1628.jpg,39.69831085205078
image_1629.jpg,3.8412106037139893
image_163.jpg,44.826332092285156
image_1630.jpg,2.563508987426758
image_1631.jpg,66.37589263916016
image_1632.jpg,75.65092468261719
image_1633.jpg,62.15166091918945
image_1634.jpg,43.27080535888672
image_1635.jpg,28.307945251464844
image_1636.jpg,58.7559814453125
image_1637.jpg,4.753836154937744
image_1638.jpg,18.918107986450195
image_1639.jpg,15.500916481018066
image_164.jpg,14.248272895812988
image_1640.jpg,26.21723175048828
image_1641.jpg,27.075557708740234
image_1642.jpg,10.033623695373535
image_1643.jpg,10.555805206298828
image_1644.jpg,52.823299407958984
image_1645.jpg,60.279476165771484
image_1646.jpg,10.89635181427002
image_1647.jpg,32.131595611572266
image_1648.jpg,74.53182983398438
image_1649.jpg,48.42616653442383
image_165.jpg,71.74040985107422
image_1650.jpg,15.05545711517334
image_1651.jpg,47.72535705566406
image_1652.jpg,8.804550170898438
image_1653.jpg,32.31745147705078
image_1654.jpg,30.16602325439453
image_1655.jpg,16.010778427124023
image_1656.jpg,23.7997989654541
image_1657.jpg,13.940010070800781
image_1658.jpg,56.50560760498047
image_1659.jpg,72.96269226074219
image_166.jpg,61.07941818237305
image_1660.jpg,47.965476989746094
image_1661.jpg,5.39414644241333
image_1662.jpg,35.33094024658203
image_1663.jpg,58.513877868652344
image_1664.jpg,8.662012100219727
image_1665.jpg,50.59844207763672
image_1666.jpg,42.78579330444336
image_1667.jpg,60.0836296081543
image_1668.jpg,48.67871856689453
image_1669.jpg,56.45902633666992
image_167.jpg,34.06195831298828
image_1670.jpg,56.60658264160156
image_1671.jpg,12.04352855682373
image_1672.jpg,45.51491165161133
image_1673.jpg,3.02250599861145
image_1674.jpg,55.03938674926758
image_1675.jpg,52.92983627319336
image_1676.jpg,53.604209899902344
image_1677.jpg,48.58490753173828
image_1678.jpg,29.122129440307617
image_1679.jpg,40.833072662353516
image_168.jpg,51.73465347290039
image_1680.jpg,36.324581146240234
image_1681.jpg,37.04574203491211
image_1682.jpg,42.76670455932617
image_1683.jpg,22.753841400146484
image_1684.jpg,8.620834350585938
image_1685.jpg,1.1709070205688477
image_1686.jpg,2.9767487049102783
image_1687.jpg,49.187007904052734
image_1688.jpg,7.890981674194336
image_1689.jpg,34.031185150146484
image_169.jpg,5.313506603240967
image_1690.jpg,59.622100830078125
image_1691.jpg,46.878883361816406
image_1692.jpg,31.83784294128418
image_1693.jpg,14.230751037597656
image_1694.jpg,14.37813663482666
image_1695.jpg,26.640111923217773
image_1696.jpg,27.184585571289062
image_1697.jpg,64.00773620605469
image_1698.jpg,39.723262786865234
image_1699.jpg,69.89636993408203
image_17.jpg,91.25760650634766
image_170.jpg,35.014347076416016
image_1700.jpg,58.482337951660156
image_1701.jpg,28.925840377807617
image_1702.jpg,42.010467529296875
image_1703.jpg,49.84041213989258
image_1704.jpg,28.511165618896484
image_1705.jpg,42.05949401855469
image_1706.jpg,65.2985610961914
image_1707.jpg,3.6843795776367188
image_1708.jpg,1.0575309991836548
image_1709.jpg,59.216121673583984
image_171.jpg,62.82779312133789
image_1710.jpg,25.041044235229492
image_1711.jpg,58.9725227355957
image_1712.jpg,44.42873001098633
image_1713.jpg,71.4776611328125
image_1714.jpg,27.55434799194336
image_1715.jpg,39.39436721801758
image_1716.jpg,7.621687412261963
image_1717.jpg,13.095046997070312
image_1718.jpg,22.846965789794922
image_1719.jpg,81.58064270019531
image_172.jpg,71.44898223876953
image_1720.jpg,55.771121978759766
image_1721.jpg,54.535987854003906
image_1722.jpg,12.44505786895752
image_1723.jpg,3.056885004043579
image_1724.jpg,25.26091194152832
image_1725.jpg,7.551323890686035
image_1726.jpg,59.17324447631836
image_1727.jpg,68.46532440185547
image_1728.jpg,2.750547170639038
image_1729.jpg,63.91385269165039
image_173.jpg,23.232839584350586
image_1730.jpg,10.061620712280273
image_1731.jpg,13.847542762756348
image_1732.jpg,78.25302124023438
image_1733.jpg,36.5794792175293
image_1734.jpg,38.712711334228516
image_1735.jpg,27.583227157592773
image_1736.jpg,56.26411056518555
image_1737.jpg,6.600170135498047
image_1738.jpg,61.6768684387207
image_1739.jpg,35.17161178588867
image_174.jpg,13.495745658874512
image_1740.jpg,45.93818664550781
image_1741.jpg,14.10342788696289
image_1742.jpg,71.90399932861328
image_1743.jpg,3.232759475708008
image_1744.jpg,32.55684280395508
image_1745.jpg,42.104331970214844
image_1746.jpg,4.753846168518066
image_1747.jpg,25.836286544799805
image_1748.jpg,42.14579391479492
image_1749.jpg,4.74560546875
image_175.jpg,26.005552291870117
image_1750.jpg,70.3093032836914
image_1751.jpg,21.648305892944336
image_1752.jpg,9.773955345153809
image_1753.jpg,37.30461502075195
image_1754.jpg,44.37635803222656
image_1755.jpg,69.9288101196289
image_1756.jpg,50.268123626708984
image_1757.jpg,58.322059631347656
image_1758.jpg,39.48997497558594
image_1759.jpg,69.67294311523438
image_176.jpg,27.250391006469727
image_1760.jpg,75.9027328491211
image_1761.jpg,37.759071350097656
image_1762.jpg,28.50432586669922
image_1763.jpg,10.734439849853516
image_1764.jpg,21.63637351989746
image_1765.jpg,25.255903244018555
image_1766.jpg,61.811370849609375
image_1767.jpg,55.35873031616211
image_1768.jpg,48.1724967956543
image_1769.jpg,87.7144775390625
image_177.jpg,30.688655853271484
image_1770.jpg,68.4625244140625
image_1771.jpg,27.142736434936523
image_1772.jpg,21.847869873046875
image_1773.jpg,59.17534255981445
image_1774.jpg,66.05293273925781
image_1775.jpg,73.08557891845703
image_1776.jpg,2.8958845138549805
image_1777.jpg,1.601596713066101
image_1778.jpg,45.224002838134766
image_1779.jpg,59.36540985107422
image_178.jpg,49.364532470703125
image_1780.jpg,8.513984680175781
image_1781.jpg,24.076953887939453
image_1782.jpg,26.861711502075195
image_1783.jpg,53.807289123535156
image_1784.jpg,55.71535873413086
image_1785.jpg,3.6753926277160645
image_1786.jpg,2.551079034805298
image_1787.jpg,60.438968658447266
image_1788.jpg,26.058692932128906
image_1789.jpg,68.03498840332031
image_179.jpg,50.3950309753418
image_1790.jpg,59.75446701049805
image_1791.jpg,71.19783020019531
image_1792.jpg,59.91627883911133
image_1793.jpg,7.237562656402588
image_1794.jpg,70.68231964111328
image_1795.jpg,18.505016326904297
image_1796.jpg,46.81901550292969
image_1797.jpg,24.714147567749023
image_1798.jpg,33.403072357177734
image_1799.jpg,23.760149002075195
image_18.jpg,30.373498916625977
image_180.jpg,28.964956283569336
image_1800.jpg,39.68001937866211
image_1801.jpg,58.32777786254883
image_1802.jpg,36.05858612060547
image_1803.jpg,71.90692901611328
image_1804.jpg,34.735992431640625
image_1805.jpg,55.81148910522461
image_1806.jpg,68.43939971923828
image_1807.jpg,2.548647165298462
image_1808.jpg,14.72648811340332
image_1809.jpg,93.31888580322266
image_181.jpg,83.7264633178711
image_1810.jpg,25.731163024902344
image_1811.jpg,35.27537155151367
image_1812.jpg,65.17695617675781
image_1813.jpg,15.334099769592285
image_1814.jpg,25.549049377441406
image_1815.jpg,7.169261932373047
image_1816.jpg,32.14668655395508
image_1817.jpg,34.79497146606445
image_1818.jpg,15.800424575805664
image_1819.jpg,81.47367095947266
image_182.jpg,51.51061248779297
image_1820.jpg,57.53034973144531
image_1821.jpg,53.266361236572266
image_1822.jpg,62.42784118652344
image_1823.jpg,72.5806655883789
image_1824.jpg,14.83667278289795
image_1825.jpg,51.14045333862305
image_1826.jpg,19.208314895629883
image_1827.jpg,4.581532001495361
image_1828.jpg,69.1972427368164
image_1829.jpg,29.17314910888672
image_183.jpg,54.9191780090332
image_1830.jpg,15.429750442504883
image_1831.jpg,17.78005599975586
image_1832.jpg,64.84550476074219
image_1833.jpg,65.32994842529297
image_1834.jpg,44.07693862915039
image_1835.jpg,30.620683670043945
image_1836.jpg,25.75345230102539
image_1837.jpg,20.699338912963867
image_1838.jpg,65.75990295410156
image_1839.jpg,36.25680160522461
image_184.jpg,77.20512390136719
image_1840.jpg,66.16036987304688
image_1841.jpg,2.972602367401123
image_1842.jpg,32.26556396484375
image_1843.jpg,7.8737406730651855
image_1844.jpg,51.629302978515625
image_1845.jpg,29.08030128479004
image_1846.jpg,65.0422592163086
image_1847.jpg,51.69342041015625
image_1848.jpg,32.64280700683594
image_1849.jpg,71.49740600585938
image_185.jpg,1.867019534111023
image_1850.jpg,54.48128128051758
image_1851.jpg,21.27039337158203
image_1852.jpg,34.9894905090332
image_1853.jpg,22.943126678466797
image_1854.jpg,71.92040252685547
image_1855.jpg,15.170536041259766
image_1856.jpg,64.77191162109375
image_1857.jpg,12.800817489624023
image_1858.jpg,28.97189712524414
image_1859.jpg,59.526554107666016
image_186.jpg,29.847929000854492
image_1860.jpg,35.28984069824219
image_1861.jpg,70.56381225585938
image_1862.jpg,55.78628158569336
image_1863.jpg,35.02445602416992
image_1864.jpg,48.206092834472656
image_1865.jpg,24.338048934936523
image_1866.jpg,63.1515007019043
image_1867.jpg,24.703067779541016
image_1868.jpg,40.09236526489258
image_1869.jpg,11.821003913879395
image_187.jpg,39.52220153808594
image_1870.jpg,35.120059967041016
image_1871.jpg,52.399784088134766
image_1872.jpg,50.85451126098633
image_1873.jpg,34.938106536865234
image_1874.jpg,46.48200225830078
image_1875.jpg,44.320335388183594
image_1876.jpg,23.196212768554688
image_1877.jpg,37.2309455871582
image_1878.jpg,62.42182922363281
image_1879.jpg,20.411712646484375
image_188.jpg,50.17449951171875
image_1880.jpg,20.967187881469727
image_1881.jpg,4.411433696746826
image_1882.jpg,47.52143096923828
image_1883.jpg,70.42372131347656
image_1884.jpg,33.2116584777832
image_1885.jpg,62.97088623046875
image_1886.jpg,66.67740631103516
image_1887.jpg,63.87197494506836
image_1888.jpg,67.85690307617188
image_1889.jpg,66.63166809082031
image_189.jpg,63.141117095947266
image_1890.jpg,37.952938079833984
image_1891.jpg,1.304984450340271
image_1892.jpg,5.880943775177002
image_1893.jpg,71.90730285644531
image_1894.jpg,49.70391845703125
image_1895.jpg,1.955085039138794
image_1896.jpg,71.00234985351562
image_1897.jpg,65.33780670166016
image_1898.jpg,55.2149772644043
image_1899.jpg,26.741125106811523
image_19.jpg,7.1894731521606445
image_190.jpg,34.218021392822266
image_1900.jpg,65.9201889038086
image_1901.jpg,26.066753387451172
image_1902.jpg,62.81623458862305
image_1903.jpg,38.4463996887207
image_1904.jpg,24.368810653686523
image_1905.jpg,14.54105281829834
image_1906.jpg,59.848777770996094
image_1907.jpg,52.4149055480957
image_1908.jpg,71.2270736694336
image_1909.jpg,3.5204243659973145
image_191.jpg,27.876699447631836
image_1910.jpg,33.48501968383789
image_1911.jpg,10.045441627502441
image_1912.jpg,1.2612296342849731
image_1913.jpg,51.21483612060547
image_1914.jpg,41.552833557128906
image_1915.jpg,38.343814849853516
image_1916.jpg,38.342220306396484
image_1917.jpg,46.64347839355469
image_1918.jpg,25.348596572875977
image_1919.jpg,6.481215476989746
image_192.jpg,37.89643859863281
image_1920.jpg,48.06781005859375
image_1921.jpg,35.2377815246582
image_1922.jpg,55.73862075805664
image_1923.jpg,42.260746002197266
image_1924.jpg,60.92613220214844
image_1925.jpg,28.127681732177734
image_1926.jpg,22.83408546447754
image_1927.jpg,73.67896270751953
image_1928.jpg,32.7089958190918
image_1929.jpg,28.571531295776367
image_193.jpg,42.86872482299805
image_1930.jpg,65.88335418701172
image_1931.jpg,19.595911026000977
image_1932.jpg,20.1589412689209
image_1933.jpg,68.10668182373047
image_1934.jpg,58.194210052490234
image_1935.jpg,29.8532657623291
image_1936.jpg,4.827938079833984
image_1937.jpg,54.597286224365234
image_1938.jpg,39.52191162109375
image_1939.jpg,71.33857727050781
image_194.jpg,4.805058002471924
image_1940.jpg,61.43785095214844
image_1941.jpg,9.92612361907959
image_1942.jpg,1.0389446020126343
image_1943.jpg,11.062841415405273
image_1944.jpg,58.778926849365234
image_1945.jpg,44.25315475463867
image_1946.jpg,29.42470359802246
image_1947.jpg,60.78261947631836
image_1948.jpg,45.47548294067383
image_1949.jpg,60.89505386352539
image_195.jpg,12.195001602172852
image_196.jpg,19.80582046508789
image_197.jpg,13.004535675048828
image_198.jpg,78.48946380615234
image_199.jpg,38.85947036743164
image_2.jpg,81.02102661132812
image_20.jpg,82.67013549804688
image_200.jpg,23.581098556518555
image_201.jpg,77.6849365234375
image_202.jpg,51.70417785644531
image_203.jpg,67.69923400878906
image_204.jpg,26.641036987304688
image_205.jpg,71.4884262084961
image_206.jpg,28.03498077392578
image_207.jpg,54.94514083862305
image_208.jpg,23.93667221069336
image_209.jpg,29.290510177612305
image_21.jpg,7.789691925048828
image_210.jpg,63.31212615966797
image_211.jpg,58.378814697265625
image_212.jpg,57.10108947753906
image_213.jpg,31.543231964111328
image_214.jpg,45.529457092285156
image_215.jpg,26.125131607055664
image_216.jpg,35.45084762573242
image_217.jpg,35.6525764465332
image_218.jpg,62.398712158203125
image_219.jpg,12.495626449584961
image_22.jpg,38.384857177734375
image_220.jpg,31.32520294189453
image_221.jpg,32.043399810791016
image_222.jpg,16.422006607055664
image_223.jpg,68.14419555664062
image_224.jpg,30.630599975585938
image_225.jpg,62.97085952758789
image_226.jpg,67.16038513183594
image_227.jpg,81.87049865722656
image_228.jpg,65.10643768310547
image_229.jpg,36.16207504272461
image_23.jpg,30.632436752319336
image_230.jpg,62.21297836303711
image_231.jpg,40.05706787109375
image_232.jpg,73.18396759033203
image_233.jpg,46.61259460449219
image_234.jpg,44.0118522644043
image_235.jpg,42.991764068603516
image_236.jpg,76.61652374267578
image_237.jpg,59.41609573364258
image_238.jpg,32.99838638305664
image_239.jpg,6.948308944702148
image_24.jpg,49.93095779418945
image_240.jpg,51.74753189086914
image_241.jpg,41.03664016723633
image_242.jpg,28.267148971557617
image_243.jpg,23.38656997680664
image_244.jpg,16.470386505126953
image_245.jpg,28.18156623840332
image_246.jpg,59.90702438354492
image_247.jpg,42.315635681152344
image_248.jpg,-1.7330255508422852
image_249.jpg,35.199954986572266
image_25.jpg,65.64347076416016
image_250.jpg,49.207542419433594
image_251.jpg,25.57755470275879
image_252.jpg,5.361932277679443
image_253.jpg,30.523014068603516
image_254.jpg,20.2025203704834
image_255.jpg,53.286258697509766
image_256.jpg,17.051742553710938
image_257.jpg,41.86839294433594
image_258.jpg,49.63180160522461
image_259.jpg,68.20916748046875
image_26.jpg,41.83285140991211
image_260.jpg,37.05302047729492
image_261.jpg,24.59449005126953
image_262.jpg,19.68570327758789
image_263.jpg,27.84463882446289
image_264.jpg,28.602949142456055
image_265.jpg,58.22072982788086
image_266.jpg,53.236236572265625
image_267.jpg,4.547557830810547
image_268.jpg,28.519712448120117
image_269.jpg,55.39115524291992
image_27.jpg,6.599160194396973
image_270.jpg,8.99303150177002
image_271.jpg,15.413220405578613
image_272.jpg,60.286251068115234
image_273.jpg,35.79362106323242
image_274.jpg,70.74542999267578
image_275.jpg,26.224374771118164
image_276.jpg,39.97954177856445
image_277.jpg,29.303224563598633
image_278.jpg,18.592880249023438
image_279.jpg,44.74311828613281
image_28.jpg,8.783490180969238
image_280.jpg,50.64665985107422
image_281.jpg,62.18418502807617
image_282.jpg,8.607645988464355
image_283.jpg,33.75442886352539
image_284.jpg,61.84518051147461
image_285.jpg,49.063331604003906
image_286.jpg,33.28872299194336
image_287.jpg,21.659915924072266
image_288.jpg,66.92151641845703
image_289.jpg,34.510353088378906
image_29.jpg,24.90833854675293
image_290.jpg,54.39609909057617
image_291.jpg,28.91587257385254
image_292.jpg,1.4204720258712769
image_293.jpg,23.803457260131836
image_294.jpg,13.663410186767578
image_295.jpg,27.871965408325195
image_296.jpg,2.6375997066497803
image_297.jpg,46.3745002746582
image_298.jpg,14.975777626037598
image_299.jpg,26.61503028869629
image_3.jpg,56.29271697998047
image_30.jpg,58.869014739990234
image_300.jpg,27.64336585998535
image_301.jpg,6.318868637084961
image_302.jpg,71.09541320800781
image_303.jpg,79.33643341064453
image_304.jpg,37.8880729675293
image_305.jpg,53.6282958984375
image_306.jpg,33.449127197265625
image_307.jpg,54.540191650390625
image_308.jpg,67.47745513916016
image_309.jpg,26.297666549682617
image_31.jpg,5.071115493774414
image_310.jpg,7.882471561431885
image_311.jpg,30.29863929748535
image_312.jpg,36.64409255981445
image_313.jpg,34.768489837646484
image_314.jpg,54.414642333984375
image_315.jpg,28.630903244018555
image_316.jpg,35.456451416015625
image_317.jpg,64.67426300048828
image_318.jpg,9.055867195129395
image_319.jpg,74.88431549072266
image_32.jpg,69.59321594238281
image_320.jpg,54.98392105102539
image_321.jpg,62.19137954711914
image_322.jpg,63.84441375732422
image_323.jpg,35.975799560546875
image_324.jpg,33.542877197265625
image_325.jpg,70.60152435302734
image_326.jpg,71.77571868896484
image_327.jpg,72.53948211669922
image_328.jpg,66.13098907470703
image_329.jpg,23.92390251159668
image_33.jpg,29.540815353393555
image_330.jpg,63.67162322998047
image_331.jpg,54.90119552612305
image_332.jpg,67.3939437866211
image_333.jpg,0.6512355208396912
image_334.jpg,38.18046569824219
image_335.jpg,32.77180099487305
image_336.jpg,67.61019897460938
image_337.jpg,58.21247482299805
image_338.jpg,59.745018005371094
image_339.jpg,68.27165985107422
image_34.jpg,61.62395477294922
image_340.jpg,33.60459518432617
image_341.jpg,54.59677505493164
image_342.jpg,45.48853302001953
image_343.jpg,13.428644180297852
image_344.jpg,68.54569244384766
image_345.jpg,67.85942840576172
image_346.jpg,7.712296962738037
image_347.jpg,62.386993408203125
image_348.jpg,38.008399963378906
image_349.jpg,28.306276321411133
image_35.jpg,3.423657178878784
image_350.jpg,30.797332763671875
image_351.jpg,66.71381378173828
image_352.jpg,35.1395263671875
image_353.jpg,40.99291229248047
image_354.jpg,23.01801300048828
image_355.jpg,3.197434186935425
image_356.jpg,33.53181838989258
image_357.jpg,3.621929407119751
image_358.jpg,34.42551803588867
image_359.jpg,71.28422546386719
image_36.jpg,34.21487045288086
image_360.jpg,24.250221252441406
image_361.jpg,42.96453094482422
image_362.jpg,60.036407470703125
image_363.jpg,58.50120162963867
image_364.jpg,8.461548805236816
image_365.jpg,61.16240310668945
image_366.jpg,26.821460723876953
image_367.jpg,48.94987106323242
image_368.jpg,64.86476135253906
image_369.jpg,60.929588317871094
image_37.jpg,47.9022216796875
image_370.jpg,23.974538803100586
image_371.jpg,52.3481559753418
image_372.jpg,53.1794548034668
image_373.jpg,49.97966766357422
image_374.jpg,45.257568359375
image_375.jpg,13.790873527526855
image_376.jpg,76.13558197021484
image_377.jpg,15.283714294433594
image_378.jpg,81.04247283935547
image_379.jpg,58.00305938720703
image_38.jpg,8.516304969787598
image_380.jpg,63.312469482421875
image_381.jpg,50.57772445678711
image_382.jpg,16.09996795654297
image_383.jpg,76.7015151977539
image_384.jpg,31.27133560180664
image_385.jpg,71.3731689453125
image_386.jpg,50.69157791137695
image_387.jpg,14.049179077148438
image_388.jpg,31.980009078979492
image_389.jpg,1.098380208015442
image_39.jpg,23.880998611450195
image_390.jpg,30.03452491760254
image_391.jpg,12.63049602508545
image_392.jpg,6.571982383728027
image_393.jpg,31.775007247924805
image_394.jpg,5.954010963439941
image_395.jpg,7.979611396789551
image_396.jpg,28.1199951171875
image_397.jpg,18.780580520629883
image_398.jpg,8.12549877166748
image_399.jpg,38.02946090698242
image_4.jpg,30.93280792236328
image_40.jpg,74.17179107666016
image_400.jpg,59.58451843261719
image_401.jpg,53.74043655395508
image_402.jpg,26.48179817199707
image_403.jpg,49.24148178100586
image_404.jpg,64.9452896118164
image_405.jpg,30.914562225341797
image_406.jpg,28.003456115722656
image_407.jpg,3.0142834186553955
image_408.jpg,62.357017517089844
image_409.jpg,25.675926208496094
image_41.jpg,72.71903991699219
image_410.jpg,77.60377502441406
image_411.jpg,25.27757453918457
image_412.jpg,26.61687660217285
image_413.jpg,47.114559173583984
image_414.jpg,72.9701919555664
image_415.jpg,13.805843353271484
image_416.jpg,53.90005111694336
image_417.jpg,44.29833984375
image_418.jpg,23.447656631469727
image_419.jpg,9.191115379333496
image_42.jpg,50.985626220703125
image_420.jpg,0.5371608734130859
image_421.jpg,5.5749311447143555
image_422.jpg,27.995473861694336
image_423.jpg,1.855345606803894
image_424.jpg,68.39374542236328
image_425.jpg,6.834988117218018
image_426.jpg,62.110321044921875
image_427.jpg,24.486928939819336
image_428.jpg,38.252906799316406
image_429.jpg,22.564773559570312
image_43.jpg,67.66764068603516
image_430.jpg,26.681598663330078
image_431.jpg,27.171977996826172
image_432.jpg,79.68831634521484
image_433.jpg,32.736385345458984
image_434.jpg,81.60084533691406
image_435.jpg,25.39040756225586
image_436.jpg,73.66155242919922
image_437.jpg,25.017297744750977
image_438.jpg,59.093448638916016
image_439.jpg,20.21637535095215
image_44.jpg,43.84383773803711
image_440.jpg,32.03180694580078
image_441.jpg,25.15264320373535
image_442.jpg,34.92976379394531
image_443.jpg,6.487626552581787
image_444.jpg,61.256717681884766
image_445.jpg,23.452045440673828
image_446.jpg,12.378355979919434
image_447.jpg,54.46902084350586
image_448.jpg,25.009096145629883
image_449.jpg,62.80461883544922
image_45.jpg,70.3533935546875
image_450.jpg,54.44221496582031
image_451.jpg,40.492431640625
image_452.jpg,68.2457046508789
image_453.jpg,13.383070945739746
image_454.jpg,37.32992172241211
image_455.jpg,29.744043350219727
image_456.jpg,39.13468933105469
image_457.jpg,33.754493713378906
image_458.jpg,37.92521286010742
image_459.jpg,1.9063411951065063
image_46.jpg,23.3774356842041
image_460.jpg,36.0737419128418
image_461.jpg,37.01586151123047
image_462.jpg,68.07514953613281
image_463.jpg,11.201448440551758
image_464.jpg,1.7216284275054932
image_465.jpg,78.39359283447266
image_466.jpg,44.82611083984375
image_467.jpg,83.55497741699219
image_468.jpg,59.58623123168945
image_469.jpg,49.060001373291016
image_47.jpg,75.19782257080078
image_470.jpg,23.851362228393555
image_471.jpg,29.21703338623047
image_472.jpg,48.92350769042969
image_473.jpg,20.416879653930664
image_474.jpg,39.805137634277344
image_475.jpg,25.076793670654297
image_476.jpg,83.40947723388672
image_477.jpg,27.74439239501953
image_478.jpg,1.6372634172439575
image_479.jpg,1.681850790977478
image_48.jpg,32.6212043762207
image_480.jpg,42.3695068359375
image_481.jpg,32.216617584228516
image_482.jpg,62.586246490478516
image_483.jpg,22.283557891845703
image_484.jpg,7.798321723937988
image_485.jpg,62.904293060302734
image_486.jpg,36.25968933105469
image_487.jpg,5.692781448364258
image_488.jpg,40.63632583618164
image_489.jpg,69.75935363769531
image_49.jpg,3.6959803104400635
image_490.jpg,14.606541633605957
image_491.jpg,63.586830139160156
image_492.jpg,65.70771026611328
image_493.jpg,74.83024597167969
image_494.jpg,16.959503173828125
image_495.jpg,48.045143127441406
image_496.jpg,27.961198806762695
image_497.jpg,18.80984878540039
image_498.jpg,20.4777774810791
image_499.jpg,41.051536560058594
image_5.jpg,73.11498260498047
image_50.jpg,52.84701156616211
image_500.jpg,4.292778491973877
image_501.jpg,77.60335540771484
image_502.jpg,84.60194396972656
image_503.jpg,36.226993560791016
image_504.jpg,37.698204040527344
image_505.jpg,65.31619262695312
image_506.jpg,34.60306930541992
image_507.jpg,19.596567153930664
image_508.jpg,38.63856506347656
image_509.jpg,50.841182708740234
image_51.jpg,24.62860107421875
image_510.jpg,81.1312255859375
image_511.jpg,19.560205459594727
image_512.jpg,48.889095306396484
image_513.jpg,0.17911392450332642
image_514.jpg,20.3807373046875
image_515.jpg,17.437719345092773
image_516.jpg,58.043548583984375
image_517.jpg,27.72599220275879
image_518.jpg,4.362837314605713
image_519.jpg,68.418701171875
image_52.jpg,28.447856903076172
image_520.jpg,1.8458532094955444
image_521.jpg,3.9299745559692383
image_522.jpg,87.13585662841797
image_523.jpg,62.83840560913086
image_524.jpg,27.03701400756836
image_525.jpg,20.133241653442383
image_526.jpg,21.530681610107422
image_527.jpg,59.13553237915039
image_528.jpg,45.64919662475586
image_529.jpg,44.68679428100586
image_53.jpg,42.51472854614258
image_530.jpg,72.69442749023438
image_531.jpg,53.72723388671875
image_532.jpg,57.491329193115234
image_533.jpg,17.243879318237305
image_534.jpg,29.188339233398438
image_535.jpg,58.692344665527344
image_536.jpg,32.1405029296875
image_537.jpg,46.287322998046875
image_538.jpg,34.70772933959961
image_539.jpg,46.814395904541016
image_54.jpg,6.752509593963623
image_540.jpg,53.490638732910156
image_541.jpg,67.52769470214844
image_542.jpg,10.762744903564453
image_543.jpg,49.31675720214844
image_544.jpg,59.053131103515625
image_545.jpg,6.445195198059082
image_546.jpg,71.82198333740234
image_547.jpg,24.5007266998291
image_548.jpg,12.507856369018555
image_549.jpg,34.3678092956543
image_55.jpg,30.00141143798828
image_550.jpg,82.95181274414062
image_551.jpg,72.53599548339844
image_552.jpg,32.95736312866211
image_553.jpg,36.36830139160156
image_554.jpg,44.067012786865234
image_555.jpg,72.4555892944336
image_556.jpg,4.29488468170166
image_557.jpg,70.04243469238281
image_558.jpg,34.000083923339844
image_559.jpg,61.29629898071289
image_56.jpg,38.026084899902344
image_560.jpg,47.3401985168457
image_561.jpg,55.69469451904297
image_562.jpg,28.876766204833984
image_563.jpg,57.02186965942383
image_564.jpg,7.514345645904541
image_565.jpg,50.02640914916992
image_566.jpg,16.792434692382812
image_567.jpg,68.11105346679688
image_568.jpg,36.97285461425781
image_569.jpg,5.447272777557373
image_57.jpg,29.37999153137207
image_570.jpg,13.466151237487793
image_571.jpg,26.692975997924805
image_572.jpg,54.85625076293945
image_573.jpg,26.473779678344727
image_574.jpg,57.56288528442383
image_575.jpg,29.981840133666992
image_576.jpg,41.9462776184082
image_577.jpg,46.0346794128418
image_578.jpg,45.248287200927734
image_579.jpg,74.43012237548828
image_58.jpg,7.2717437744140625
image_580.jpg,78.49553680419922
image_581.jpg,39.97250747680664
image_582.jpg,73.17111206054688
image_583.jpg,12.301456451416016
image_584.jpg,56.7149658203125
image_585.jpg,29.20557975769043
image_586.jpg,46.962860107421875
image_587.jpg,48.72686767578125
image_588.jpg,66.9712142944336
image_589.jpg,59.55518341064453
image_59.jpg,51.370689392089844
image_590.jpg,25.32908821105957
image_591.jpg,63.0639533996582
image_592.jpg,68.4913558959961
image_593.jpg,29.831838607788086
image_594.jpg,67.42769622802734
image_595.jpg,24.843935012817383
image_596.jpg,49.89836120605469
image_597.jpg,57.69370651245117
image_598.jpg,57.915061950683594
image_599.jpg,75.35714721679688
image_6.jpg,15.737874031066895
image_60.jpg,37.40889358520508
image_600.jpg,45.8497314453125
image_601.jpg,23.98672103881836
image_602.jpg,69.32521057128906
image_603.jpg,66.5716552734375
image_604.jpg,69.07215118408203
image_605.jpg,47.73745346069336
image_606.jpg,8.516509056091309
image_607.jpg,48.75638961791992
image_608.jpg,43.894676208496094
image_609.jpg,36.516014099121094
image_61.jpg,35.20387649536133
image_610.jpg,34.68635177612305
image_611.jpg,55.68645095825195
image_612.jpg,11.661795616149902
image_613.jpg,71.05609130859375
image_614.jpg,33.13440704345703
image_615.jpg,50.64125061035156
image_616.jpg,54.147125244140625
image_617.jpg,62.215999603271484
image_618.jpg,58.36949920654297
image_619.jpg,29.75400161743164
image_62.jpg,10.830974578857422
image_620.jpg,9.222269058227539
image_621.jpg,33.53105545043945
image_622.jpg,24.840795516967773
image_623.jpg,13.709385871887207
image_624.jpg,12.26563835144043
image_625.jpg,73.2824478149414
image_626.jpg,0.335610568523407
image_627.jpg,58.241119384765625
image_628.jpg,8.771262168884277
image_629.jpg,38.47273254394531
image_63.jpg,53.35019302368164
image_630.jpg,59.045291900634766
image_631.jpg,2.109273672103882
image_632.jpg,25.518693923950195
image_633.jpg,42.182308197021484
image_634.jpg,25.73253631591797
image_635.jpg,23.493799209594727
image_636.jpg,34.34418487548828
image_637.jpg,25.61334991455078
image_638.jpg,53.96940612792969
image_639.jpg,36.986385345458984
image_64.jpg,26.892120361328125
image_640.jpg,36.44669723510742
image_641.jpg,27.99680519104004
image_642.jpg,30.027860641479492
image_643.jpg,2.1335437297821045
image_644.jpg,15.838390350341797
image_645.jpg,71.25374603271484
image_646.jpg,73.87477111816406
image_647.jpg,76.15770721435547
image_648.jpg,26.202064514160156
image_649.jpg,26.136274337768555
image_65.jpg,12.075218200683594
image_650.jpg,3.214721918106079
image_651.jpg,43.076080322265625
image_652.jpg,56.75355529785156
image_653.jpg,30.46610450744629
image_654.jpg,4.34440279006958
image_655.jpg,41.644596099853516
image_656.jpg,52.8018798828125
image_657.jpg,67.06581115722656
image_658.jpg,25.752445220947266
image_659.jpg,2.622243881225586
image_66.jpg,63.72899627685547
image_660.jpg,6.398625373840332
image_661.jpg,74.68457794189453
image_662.jpg,27.39596176147461
image_663.jpg,23.253293991088867
image_664.jpg,26.195037841796875
image_665.jpg,27.248497009277344
image_666.jpg,21.126976013183594
image_667.jpg,67.8104019165039
image_668.jpg,48.15311813354492
image_669.jpg,40.24769973754883
image_67.jpg,30.906574249267578
image_670.jpg,23.044878005981445
image_671.jpg,28.823450088500977
image_672.jpg,34.14711380004883
image_673.jpg,59.94102096557617
image_674.jpg,68.26712799072266
image_675.jpg,2.437047004699707
image_676.jpg,15.91907787322998
image_677.jpg,89.8772201538086
image_678.jpg,63.15979766845703
image_679.jpg,17.676578521728516
image_68.jpg,68.38286590576172
image_680.jpg,24.315031051635742
image_681.jpg,36.816123962402344
image_682.jpg,33.733863830566406
image_683.jpg,62.88173294067383
image_684.jpg,34.62309265136719
image_685.jpg,55.280338287353516
image_686.jpg,57.27374267578125
image_687.jpg,31.00519371032715
image_688.jpg,40.04352951049805
image_689.jpg,58.28684616088867
image_69.jpg,24.923973083496094
image_690.jpg,43.073455810546875
image_691.jpg,12.343977928161621
image_692.jpg,62.20730972290039
image_693.jpg,65.88703155517578
image_694.jpg,34.05063247680664
image_695.jpg,12.001412391662598
image_696.jpg,50.372642517089844
image_697.jpg,30.670454025268555
image_698.jpg,77.90076446533203
image_699.jpg,55.54235076904297
image_7.jpg,67.7247085571289
image_70.jpg,9.632165908813477
image_700.jpg,8.114131927490234
image_701.jpg,24.16136932373047
image_702.jpg,24.0357723236084
image_703.jpg,50.270484924316406
image_704.jpg,27.94270896911621
image_705.jpg,77.57061004638672
image_706.jpg,26.543428421020508
image_707.jpg,2.881737470626831
image_708.jpg,23.17743682861328
image_709.jpg,8.064449310302734
image_71.jpg,30.92348861694336
image_710.jpg,16.041015625
image_711.jpg,70.35157012939453
image_712.jpg,59.438690185546875
image_713.jpg,37.39543533325195
image_714.jpg,62.454383850097656
image_715.jpg,63.12911605834961
image_716.jpg,6.809574604034424
image_717.jpg,69.97688293457031
image_718.jpg,22.92747688293457
image_719.jpg,29.69355583190918
image_72.jpg,23.156339645385742
image_720.jpg,58.893985748291016
image_721.jpg,64.380126953125
image_722.jpg,10.179924011230469
image_723.jpg,43.55751419067383
image_724.jpg,34.406124114990234
image_725.jpg,35.06136703491211
image_726.jpg,30.82488441467285
image_727.jpg,48.35966491699219
image_728.jpg,48.28083038330078
image_729.jpg,17.85247230529785
image_73.jpg,55.512054443359375
image_730.jpg,30.317256927490234
image_731.jpg,58.015506744384766
image_732.jpg,20.471593856811523
image_733.jpg,26.486658096313477
image_734.jpg,88.80635833740234
image_735.jpg,25.505022048950195
image_736.jpg,50.675167083740234
image_737.jpg,22.84196662902832
image_738.jpg,25.027725219726562
image_739.jpg,64.13169860839844
image_74.jpg,15.98067569732666
image_740.jpg,35.59169387817383
image_741.jpg,4.475053310394287
image_742.jpg,55.77457809448242
image_743.jpg,47.47163391113281
image_744.jpg,36.21117401123047
image_745.jpg,63.85725402832031
image_746.jpg,18.71095848083496
image_747.jpg,65.73136901855469
image_748.jpg,14.464109420776367
image_749.jpg,56.03158950805664
image_75.jpg,2.82019305229187
image_750.jpg,21.033157348632812
image_751.jpg,9.306549072265625
image_752.jpg,30.2470760345459
image_753.jpg,27.219844818115234
image_754.jpg,30.576242446899414
image_755.jpg,66.88052368164062
image_756.jpg,58.1602783203125
image_757.jpg,8.516621589660645
image_758.jpg,40.836708068847656
image_759.jpg,24.075777053833008
image_76.jpg,60.727622985839844
image_760.jpg,40.622982025146484
image_761.jpg,46.3592529296875
image_762.jpg,50.710079193115234
image_763.jpg,57.72597885131836
image_764.jpg,28.365257263183594
image_765.jpg,56.82942581176758
image_766.jpg,46.45553207397461
image_767.jpg,42.76662063598633
image_768.jpg,40.82749938964844
image_769.jpg,73.5038070678711
image_77.jpg,6.138360500335693
image_770.jpg,55.107357025146484
image_771.jpg,10.880485534667969
image_772.jpg,88.2461166381836
image_773.jpg,25.755666732788086
image_774.jpg,42.51698303222656
image_775.jpg,51.422061920166016
image_776.jpg,23.945415496826172
image_777.jpg,60.60024642944336
image_778.jpg,20.539827346801758
image_779.jpg,57.72199630737305
image_78.jpg,91.36173248291016
image_780.jpg,29.62827491760254
image_781.jpg,26.890810012817383
image_782.jpg,18.12774658203125
image_783.jpg,0.8385674953460693
image_784.jpg,34.111549377441406
image_785.jpg,54.408203125
image_786.jpg,53.54964065551758
image_787.jpg,66.16976928710938
image_788.jpg,72.5084228515625
image_789.jpg,69.74122619628906
image_79.jpg,43.65134048461914
image_790.jpg,42.74523162841797
image_791.jpg,51.15972900390625
image_792.jpg,27.07640266418457
image_793.jpg,32.187313079833984
image_794.jpg,5.718175888061523
image_795.jpg,0.932588517665863
image_796.jpg,27.55496597290039
image_797.jpg,85.08997344970703
image_798.jpg,66.9786376953125
image_799.jpg,13.234097480773926
image_8.jpg,47.53590393066406
image_80.jpg,23.85532569885254
image_800.jpg,68.44163513183594
image_801.jpg,48.59740447998047
image_802.jpg,61.76529312133789
image_803.jpg,43.09775161743164
image_804.jpg,27.697219848632812
image_805.jpg,28.312259674072266
image_806.jpg,20.356260299682617
image_807.jpg,37.451786041259766
image_808.jpg,58.20737075805664
image_809.jpg,71.64618682861328
image_81.jpg,77.22428894042969
image_810.jpg,7.9379048347473145
image_811.jpg,54.99977111816406
image_812.jpg,60.2263069152832
image_813.jpg,11.353118896484375
image_814.jpg,38.185482025146484
image_815.jpg,15.196264266967773
image_816.jpg,34.21083450317383
image_817.jpg,40.45969009399414
image_818.jpg,60.10370635986328
image_819.jpg,60.656314849853516
image_82.jpg,61.00652313232422
image_820.jpg,28.36123275756836
image_821.jpg,53.059513092041016
image_822.jpg,18.826303482055664
image_823.jpg,58.427371978759766
image_824.jpg,47.72581100463867
image_825.jpg,15.643452644348145
image_826.jpg,56.83768844604492
image_827.jpg,42.637123107910156
image_828.jpg,47.37960433959961
image_829.jpg,23.910001754760742
image_83.jpg,16.471267700195312
image_830.jpg,2.269172430038452
image_831.jpg,2.783754348754883
image_832.jpg,24.391691207885742
image_833.jpg,0.686686098575592
image_834.jpg,77.38822174072266
image_835.jpg,7.996368885040283
image_836.jpg,29.61586570739746
image_837.jpg,4.05384635925293
image_838.jpg,55.999061584472656
image_839.jpg,4.43274450302124
image_84.jpg,56.73054122924805
image_840.jpg,4.737156867980957
image_841.jpg,52.22217559814453
image_842.jpg,22.087642669677734
image_843.jpg,66.91960144042969
image_844.jpg,39.25967788696289
image_845.jpg,24.365446090698242
image_846.jpg,2.713869571685791
image_847.jpg,1.9188945293426514
image_848.jpg,50.9390983581543
image_849.jpg,30.014202117919922
image_85.jpg,2.8710741996765137
image_850.jpg,25.907926559448242
image_851.jpg,48.0372200012207
image_852.jpg,71.4939193725586
image_853.jpg,18.6568546295166
image_854.jpg,62.54063034057617
image_855.jpg,41.104183197021484
image_856.jpg,41.92601013183594
image_857.jpg,72.13130950927734
image_858.jpg,24.40353012084961
image_859.jpg,33.81007766723633
image_86.jpg,21.106056213378906
image_860.jpg,62.88173294067383
image_861.jpg,23.18815803527832
image_862.jpg,12.254480361938477
image_863.jpg,49.549068450927734
image_864.jpg,12.454815864562988
image_865.jpg,19.577329635620117
image_866.jpg,26.442848205566406
image_867.jpg,84.46011352539062
image_868.jpg,47.1547966003418
image_869.jpg,50.129425048828125
image_87.jpg,61.615455627441406
image_870.jpg,31.789209365844727
image_871.jpg,52.55367660522461
image_872.jpg,71.87792205810547
image_873.jpg,79.62572479248047
image_874.jpg,52.25859832763672
image_875.jpg,62.133785247802734
image_876.jpg,32.015281677246094
image_877.jpg,12.2010498046875
image_878.jpg,34.25952911376953
image_879.jpg,45.48107147216797
image_88.jpg,83.81723022460938
image_880.jpg,64.2708511352539
image_881.jpg,80.62132263183594
image_882.jpg,48.75415802001953
image_883.jpg,79.76079559326172
image_884.jpg,63.759281158447266
image_885.jpg,58.437984466552734
image_886.jpg,35.20867156982422
image_887.jpg,29.191913604736328
image_888.jpg,28.211509704589844
image_889.jpg,26.711139678955078
image_89.jpg,10.509547233581543
image_890.jpg,65.72644805908203
image_891.jpg,33.85671615600586
image_892.jpg,33.20425796508789
image_893.jpg,28.077655792236328
image_894.jpg,33.9520378112793
image_895.jpg,46.55131149291992
image_896.jpg,2.355170965194702
image_897.jpg,38.994224548339844
image_898.jpg,38.591209411621094
image_899.jpg,63.41326141357422
image_9.jpg,11.629761695861816
image_90.jpg,51.922489166259766
image_900.jpg,24.218198776245117
image_901.jpg,10.271143913269043
image_902.jpg,56.679039001464844
image_903.jpg,48.639251708984375
image_904.jpg,47.071678161621094
image_905.jpg,38.16335678100586
image_906.jpg,49.75225067138672
image_907.jpg,26.023595809936523
image_908.jpg,28.790992736816406
image_909.jpg,28.601001739501953
image_91.jpg,70.07592010498047
image_910.jpg,57.191192626953125
image_911.jpg,27.713382720947266
image_912.jpg,70.5189208984375
image_913.jpg,33.91690444946289
image_914.jpg,53.75960922241211
image_915.jpg,52.58769989013672
image_916.jpg,32.93284225463867
image_917.jpg,61.35658264160156
image_918.jpg,27.035673141479492
image_919.jpg,64.81629943847656
image_92.jpg,73.36461639404297
image_920.jpg,41.04222869873047
image_921.jpg,21.75266456604004
image_922.jpg,30.310705184936523
image_923.jpg,30.42244529724121
image_924.jpg,37.988094329833984
image_925.jpg,49.87104797363281
image_926.jpg,51.49711227416992
image_927.jpg,33.40930938720703
image_928.jpg,87.53033447265625
image_929.jpg,52.24103546142578
image_93.jpg,10.331513404846191
image_930.jpg,8.969141960144043
image_931.jpg,28.834413528442383
image_932.jpg,28.27353286743164
image_933.jpg,71.3673324584961
image_934.jpg,23.23166847229004
image_935.jpg,11.272191047668457
image_936.jpg,60.420108795166016
image_937.jpg,81.98402404785156
image_938.jpg,58.411128997802734
image_939.jpg,38.63810348510742
image_94.jpg,25.46000099182129
image_940.jpg,14.846606254577637
image_941.jpg,33.52397537231445
image_942.jpg,0.5760140419006348
image_943.jpg,6.3811540603637695
image_944.jpg,66.76080322265625
image_945.jpg,62.93428421020508
image_946.jpg,18.212459564208984
image_947.jpg,52.05843734741211
image_948.jpg,40.81082534790039
image_949.jpg,13.446268081665039
image_95.jpg,13.404159545898438
image_950.jpg,62.057098388671875
image_951.jpg,67.88837432861328
image_952.jpg,56.36051940917969
image_953.jpg,2.7376298904418945
image_954.jpg,2.0159544944763184
image_955.jpg,56.66015625
image_956.jpg,39.993560791015625
image_957.jpg,59.30847930908203
image_958.jpg,28.24446678161621
image_959.jpg,7.715427875518799
image_96.jpg,1.7440325021743774
image_960.jpg,40.90531539916992
image_961.jpg,60.90444564819336
image_962.jpg,26.541418075561523
image_963.jpg,67.00413513183594
image_964.jpg,1.674673080444336
image_965.jpg,4.226723670959473
image_966.jpg,20.248634338378906
image_967.jpg,57.093544006347656
image_968.jpg,38.374000549316406
image_969.jpg,23.09630012512207
image_97.jpg,25.660343170166016
image_970.jpg,10.112569808959961
image_971.jpg,8.355088233947754
image_972.jpg,62.774532318115234
image_973.jpg,27.953420639038086
image_974.jpg,5.217449188232422
image_975.jpg,27.99445152282715
image_976.jpg,9.268697738647461
image_977.jpg,24.882038116455078
image_978.jpg,34.718589782714844
image_979.jpg,72.3222885131836
image_98.jpg,4.6955389976501465
image_980.jpg,76.78057098388672
image_981.jpg,52.91075897216797
image_982.jpg,10.280596733093262
image_983.jpg,20.964975357055664
image_984.jpg,62.546878814697266
image_985.jpg,62.44829177856445
image_986.jpg,63.616493225097656
image_987.jpg,1.27947199344635
image_988.jpg,5.7819719314575195
image_989.jpg,37.705665588378906
image_99.jpg,3.099116325378418
image_990.jpg,37.806610107421875
image_991.jpg,51.94401168823242
image_992.jpg,24.98417091369629
image_993.jpg,60.216670989990234
image_994.jpg,58.10708999633789
image_995.jpg,1.6748698949813843
image_996.jpg,36.1099739074707
image_997.jpg,30.1739444732666
image_998.jpg,6.481616020202637
image_999.jpg,51.283443450927734
